{
  "MAE": 0.072113037109375,
  "RMSE": 0.07211303388068491,
  "SMAPE": 0.014600913971662521,
  "WAPE": 0.014599849469959736,
  "R2": -5583767.5
}