{
  "MAE": 2.587554931640625,
  "RMSE": 2.5875551632515728,
  "SMAPE": 0.5252465605735779,
  "WAPE": 0.5238707065582275,
  "R2": -1797293952.0
}