{
  "MAE": 2.820678472518921,
  "RMSE": 2.820679025265764,
  "SMAPE": 0.5727037787437439,
  "WAPE": 0.5710684657096863,
  "R2": -8542937088.0
}