{
  "MAE": 45.474403381347656,
  "RMSE": 64.61547167426312,
  "SMAPE": 39.74323654174805,
  "WAPE": 13.98171329498291,
  "R2": 0.871709406375885
}