{
  "MAE": 45.474403381347656,
  "RMSE": 64.61547167426312,
  "R2": 0.871709406375885
}