{
  "timestamp": "2026-04-03 12:08:40",
  "innovation": {
    "name": "FDP-LF: Feature Decoupling + Physics Constraint + Long-horizon Forecast",
    "theory": "近三年时序研究普遍显示：趋势/残差解耦提升可预测性，物理边界约束增强稳健性，长窗口增强长时依赖建模。",
    "logic": "输入特征做趋势-残差解耦；训练/推理施加物理约束（非负+坡度约束）；窗口长度从72提升到120。",
    "expected": "降低 MAE/RMSE，提升 R2 与跨波动区间稳定性。"
  },
  "results": {
    "XGBoost": {
      "baseline": {
        "MAE": 35.546630859375,
        "RMSE": 55.607320311858444,
        "R2": 0.9012383222579956
      },
      "optimized": {
        "MAE": 37.82931900024414,
        "RMSE": 56.51379334189685,
        "R2": 0.8980273008346558
      }
    },
    "TimesNet": {
      "baseline": {
        "MAE": 74.90747833251953,
        "RMSE": 104.44300273504444,
        "R2": 0.6515960097312927
      },
      "optimized": {
        "MAE": 66.19697570800781,
        "RMSE": 91.53274900616172,
        "R2": 0.732696533203125
      }
    },
    "MTGNN": {
      "baseline": {
        "MAE": 78.48780059814453,
        "RMSE": 110.9621583511131,
        "R2": 0.6067450046539307
      },
      "optimized": {
        "MAE": 74.28858184814453,
        "RMSE": 98.36647735477518,
        "R2": 0.691293478012085
      }
    }
  },
  "improvement": {
    "XGBoost": {
      "MAE_improve_%": -6.421672281403032,
      "RMSE_improve_%": -1.6301325526112382,
      "R2_gain": -0.0032110214233398438
    },
    "TimesNet": {
      "MAE_improve_%": 11.62834848857839,
      "RMSE_improve_%": 12.36105185680463,
      "R2_gain": 0.08110052347183228
    },
    "MTGNN": {
      "MAE_improve_%": 5.35015469665138,
      "RMSE_improve_%": 11.351330204376442,
      "R2_gain": 0.0845484733581543
    }
  },
  "stage3_notes": {
    "XGBoost": [
      "5_code_base/optimized/power_models/xgboost_model.py: decouple特征 + 物理后处理 + 长窗口(96)"
    ],
    "TimesNet": [
      "5_code_base/optimized/power_models/timesnet_model.py: TimesNetLite + decouple输入 + physics penalty + 长窗口(120)"
    ],
    "MTGNN": [
      "5_code_base/optimized/power_models/mtgnn_model.py: 图相关邻接 + decouple输入 + physics penalty + 长窗口(120)"
    ]
  }
}