{
  "timestamp": "2026-04-08 09:41:21",
  "innovation": {
    "name": "FDP-LF: Feature Decoupling + Physics Constraint + Long-horizon Forecast",
    "theory": "近三年时序研究普遍显示：趋势/残差解耦提升可预测性，物理边界约束增强稳健性，长窗口增强长时依赖建模。",
    "logic": "输入特征做趋势-残差解耦；训练/推理施加物理约束（非负+坡度约束）；窗口长度从72提升到120，并扩展到 PatchTST 轻量补充分支。",
    "expected": "降低 MAE/RMSE/SMAPE/WAPE，提升 R2 与跨波动区间稳定性。"
  },
  "results": {
    "XGBoost": {
      "baseline": {
        "MAE": 49.18761444091797,
        "RMSE": 66.28000131426334,
        "SMAPE": 35.44275665283203,
        "WAPE": 14.916117668151855,
        "R2": 0.8895424008369446
      },
      "optimized": {
        "MAE": 2.820678472518921,
        "RMSE": 2.820679025265764,
        "SMAPE": 0.5727037787437439,
        "WAPE": 0.5710684657096863,
        "R2": -8542937088.0
      }
    },
    "TimesNet": {
      "baseline": {
        "MAE": 92.73528289794922,
        "RMSE": 118.65515949591067,
        "SMAPE": 47.31401062011719,
        "WAPE": 27.96209144592285,
        "R2": 0.6400473117828369
      },
      "optimized": {
        "MAE": 7.65177583694458,
        "RMSE": 7.6517761861211175,
        "SMAPE": 1.5612553358078003,
        "WAPE": 1.5491617918014526,
        "R2": -15716809728.0
      }
    },
    "MTGNN": {
      "baseline": {
        "MAE": 79.81163024902344,
        "RMSE": 105.22004936827629,
        "SMAPE": 48.8221321105957,
        "WAPE": 24.065275192260742,
        "R2": 0.716946005821228
      },
      "optimized": {
        "MAE": 136.0700225830078,
        "RMSE": 136.07000725729384,
        "SMAPE": 24.213258743286133,
        "WAPE": 27.54844093322754,
        "R2": -4970095050752.0
      }
    },
    "PatchTST": {
      "baseline": {
        "MAE": 302.791259765625,
        "RMSE": 336.56341109440285,
        "SMAPE": 158.5280303955078,
        "WAPE": 91.2994155883789,
        "R2": -1.8960497379302979
      },
      "optimized": {
        "MAE": 155.8848114013672,
        "RMSE": 155.88484832561502,
        "SMAPE": 37.47344207763672,
        "WAPE": 31.56009864807129,
        "R2": -6523004649472.0
      }
    }
  },
  "improvement": {
    "XGBoost": {
      "MAE_improve_%": 94.26547006887883,
      "RMSE_improve_%": 95.7442984771656,
      "SMAPE_improve_%": 98.38414437016432,
      "WAPE_improve_%": 96.17146714436959,
      "R2_gain": -8542937088.889543
    },
    "TimesNet": {
      "MAE_improve_%": 91.74879765518698,
      "RMSE_improve_%": 93.55124866155961,
      "SMAPE_improve_%": 96.70022617963403,
      "WAPE_improve_%": 94.45977853696157,
      "R2_gain": -15716809728.640047
    },
    "MTGNN": {
      "MAE_improve_%": -70.48896527793046,
      "RMSE_improve_%": -29.319467225339253,
      "SMAPE_improve_%": 50.405159101949145,
      "WAPE_improve_%": -14.47382468365441,
      "R2_gain": -4970095050752.717
    },
    "PatchTST": {
      "MAE_improve_%": 48.517400561023614,
      "RMSE_improve_%": 53.68336450515388,
      "SMAPE_improve_%": 76.36163018985026,
      "WAPE_improve_%": 65.43231033333315,
      "R2_gain": -6523004649470.104
    }
  },
  "stage3_notes": {
    "XGBoost": [
      "5_code_base/optimized/power_models/xgboost_model.py: decouple特征 + 物理后处理 + 长窗口(96)"
    ],
    "TimesNet": [
      "5_code_base/optimized/power_models/timesnet_model.py: TimesNetLite + decouple输入 + physics penalty + 长窗口(120)"
    ],
    "MTGNN": [
      "5_code_base/optimized/power_models/mtgnn_model.py: 图相关邻接 + decouple输入 + physics penalty + 长窗口(120)"
    ],
    "PatchTST": [
      "5_code_base/optimized/power_models/patchtst_model.py: Patch token encoder + decouple输入 + physics penalty + 长窗口(120)"
    ]
  }
}